name,id
Сарьян М.С.,5c48b6dc72ebd144ef45db23
Налбандян Д.А.,5c48b6aa72ebd144ef45caa1
Подолян В.,5cbce7efcbf0e87cf300ef8e
Азизян М.С.,5ef842ca6afe6f0740a5007e
Папикьян Р.Т.,5f1eac76dbd20d7642ec41f1
Асламазян М.А.,5f1eab862cb0e0089e7c02ab
Баграмян Г.К.,5f1a8467323dda767073702f
Папикян А.С.,5f1a7b5f323dda7670736cd1
Азизян М.Ц.,5efc4be012104e75f7b45230
Аракельян  Г.Г.,5f687773a938962c732c6797
Габриэлян Р.И.,5f51e4b84576f553ae2755b4
Манукян О.Г.,60151eab361c5379ccade865
Бастаджян С.А.,6059f7e951d4b727a87aa932
Халатян И.Н.,6085a24312d5df691ce06d32
Никогосян Н.Б.,6085a40512d5df691ce2c69b
Микоян А.И.,6085a19e12d5df691cdf9f82
Франгулян Г.В.,6085a0d612d5df691cdeb14b
Карапетян Р.,6085a0ca12d5df691cdea359
Ширинян Р.К.,60f02298ff515c001851c76d
Болотян И.,6107b1b15022086de768ad7b
Кольян Т.Н.,61eff0e423183bb97b7717eb
Давитьян А.Ю.,62e76ad97b03e47d8d2da3ce
Башинджагян Г.З.,6359d1e92653965cf6b42dfc
Авакимян О.А.,634d4a3b8460abec4b565966
Абгарян Н.Ю.,633d58a6b7f492781f540461
Налбандян Д.А.,6426b2c892000d92a3de694e
Мхеян Д.А.,64130c652b7ba378f49af9fc
Хашхаян Х.И.,6453cd66bb6e23a227642563
Агаян Э.М.,6492cbdb7b57daa4683593ee
Мелик-Акопян Р.В.,649055d3ed9f039804f1a5ed
